"id","title","authors","year","venue","doi_or_official_url","deep_review","code_url","method_family","pa_type","carrier_GHz","bandwidth_MHz","sample_rate_Msps","waveform","dataset_or_setup","training_method","feedback_or_adaptation","nmse_dB","evm","aclr_acpr","papr","model_size","inference_cost","bit_width","hardware_evidence","physical_pa_evidence","limitations","project_applicability","directly_comparable_to_OpenDPDv2","evidence_class","nrmse_percent","nmse_scope","spectral_scope_and_convention"
"D001","A New Volterra Predistorter Based on the Indirect Learning Architecture","Changsoo Eun; E. J. Powers","1997","IEEE Transactions on Signal Processing","https://doi.org/10.1109/78.552219","no","not reported","ILA; Volterra","modeled PA","not reported","not reported","not reported","not reported","simulation","postinverse RLS","indirect learning","not reported","not reported","not reported","not reported","not reported","not reported","not reported","none reported","no","simulation and inverse assumptions","foundational ILA; does not justify circular test","no","simulation","not reported","not reported","not reported"
"D002","Digital Predistortion of Wideband Signals Based on Power Amplifier Model with Memory","J. Kim; K. Konstantinou","2001","Electronics Letters","https://doi.org/10.1049/el:20010940","no","not reported","memory polynomial precursor","physical PA","not reported","not reported","not reported","UMTS-like wideband","authors' setup","model extraction","indirect/open-loop","not reported","not reported","not reported","not reported","not reported","not reported","not reported","none reported","yes","early narrow-band evidence; detailed cost not reported","historical MP baseline","no","physical-DPD","not reported","not reported","not reported"
"D003","A Robust Digital Baseband Predistorter Constructed Using Memory Polynomials","L. Ding; G. T. Zhou; D. R. Morgan; Z. Ma; J. S. Kenney; J. Kim; C. R. Giardina","2004","IEEE Transactions on Communications","https://doi.org/10.1109/TCOMM.2003.822188","no","not reported","memory polynomial","physical PA","not reported","not reported","not reported","wideband modulated","authors' setup","linear least squares","ILA-style calibration","not reported","not reported","not reported","not reported","order x memory complex coefficients","proportional to active MP terms; exact real count not reported","not reported","none reported","yes","different PA and spectrum procedure","mandatory classical baseline","no","physical-DPD","not reported","not reported","not reported"
"D004","A Generalized Memory Polynomial Model for Digital Predistortion of RF Power Amplifiers","D. R. Morgan; Z. Ma; J. Kim; M. G. Zierdt; J. Pastalan","2006","IEEE Transactions on Signal Processing","https://doi.org/10.1109/TSP.2006.879264","yes","not reported","GMP","30 W physical PA","2.14","about 15","153.6","11-carrier CDMA","authors' physical setup","linear least squares; 3-4 ILA iterations","indirect learning","not reported","not reported","MP about 52 dB and GMP about 59 dB spectral regrowth suppression in paper convention","not reported","MP 20; GMP 40 complex coefficients","exact real MUL/ADD not reported","not reported","none reported","yes","different PA/bandwidth; EVM/NMSE/runtime not reported","mandatory GMP baseline and branch dictionary","no","physical-DPD","not reported","not reported","paper-specific; see aclr_acpr cell; do not numerically merge across rows"
"D005","Novel Adaptive Nonlinear Predistorters Based on the Direct Learning Algorithm","Dayong Zhou; Victor E. DeBrunner","2007","IEEE Transactions on Signal Processing","https://doi.org/10.1109/TSP.2006.882058","no","not reported","DLA; NALMS; NARLS; NFXRLS","Wiener PA simulation","not reported","not reported","not reported","54-subcarrier OFDM","simulation","adaptive direct learning","feedback; LMS/RLS","not reported","not reported","not reported","not reported","not reported","RLS O(C^2) calibration; deployed model dependent","not reported","none","no","simulation only; feedback sensitivity estimate required","adaptive-learning baseline","no","simulation","not reported","not reported","not reported"
"D006","Open-Loop Digital Predistorter for RF Power Amplifiers Using Dynamic Deviation Reduction-Based Volterra Series","Anding Zhu; Paul J. Draxler; Jonmei J. Yan; Thomas J. Brazil; Donald F. Kimball; Peter M. Asbeck","2008","IEEE Transactions on Microwave Theory and Techniques","https://doi.org/10.1109/TMTT.2008.925211","no","not reported","DDR Volterra","physical RF PA","not reported","not reported","not reported","wideband modulated","authors' setup","linear parameter estimation","open-loop predistortion","not reported","not reported","not reported","not reported","reduced Volterra dictionary","depends on retained DDR terms","not reported","none reported","yes","exact modern hardware count not reported","candidate residual dictionary","no","physical-DPD","not reported","not reported","not reported"
"D007","Digital Predistortion for Envelope-Tracking Power Amplifiers Using Decomposed Piecewise Volterra Series","Anding Zhu; P. J. Draxler; Chin Hsia; T. J. Brazil; D. F. Kimball; P. M. Asbeck","2008","IEEE Transactions on Microwave Theory and Techniques","https://doi.org/10.1109/TMTT.2008.2003529","no","not reported","piecewise Volterra; envelope tracking","physical envelope-tracking PA","not reported","not reported","not reported","wideband modulated","authors' setup","linear extraction","offline/ILA","not reported","not reported","not reported","not reported","not reported","not reported","not reported","none reported","yes","different ET PA and old waveform","piecewise physical prior","no","physical-DPD","not reported","not reported","not reported"
"D008","Digital Predistortion for Power Amplifiers Using Separable Functions","Hong Jiang; Paul Wilford","2010","IEEE Transactions on Signal Processing","https://doi.org/10.1109/TSP.2010.2049742","no","not reported","separable inverse; ILA theory","modeled nonlinear system","not reported","not reported","not reported","not reported","theory/simulation","postinverse identification","indirect learning","not reported","not reported","not reported","not reported","not reported","not reported","not reported","none","no","equivalence requires existence and uniqueness assumptions","explains why ILA training is valid but deployment test must use desired x","no","simulation","not reported","not reported","not reported"
"D009","Iterative Learning Control for RF Power Amplifier Linearization","Jessica Chani-Cahuana; Per Niklas Landin; Christian Fager; Thomas Eriksson","2016","IEEE Transactions on Microwave Theory and Techniques","https://doi.org/10.1109/TMTT.2016.2588483","yes","not reported","iterative learning control","physical RF PA","not reported","not reported","not reported","repeatable modulated waveform","authors' physical setup","ILC then deployable model fit","repeated physical feedback","not reported","not reported","not reported","not reported","teacher waveform plus fitted DPD","many physical acquisitions; deployed cost model-dependent","not reported","measurement setup; no deployed accelerator claim","yes","calibration-heavy and waveform repeatability required","high-quality physical teacher and upper bound","no","physical-DPD","not reported","not reported","not reported"
"D010","Obtaining the Preinverse of a Power Amplifier Using Iterative Learning Control","Maarten Schoukens; Jules Hammenecker; Adam Cooman","2017","IEEE Transactions on Microwave Theory and Techniques","https://doi.org/10.1109/TMTT.2017.2694822","yes","not reported","ILC preinverse","physical PA","not reported","not reported","not reported","repeatable waveform","authors' physical setup","iterative learning","physical feedback","not reported","not reported","not reported","not reported","waveform teacher","calibration only; student cost separate","not reported","none reported","yes","not a streaming deployed DPD by itself","teacher-student calibration prior","no","physical-DPD","not reported","not reported","not reported"
"D011","Decorrelation-Based Concurrent Digital Predistortion With a Single Feedback Path","Mahmoud Abdelaziz; Lauri Anttila; Adnan Kiayani; Mikko Valkama","2018","IEEE Transactions on Microwave Theory and Techniques","https://doi.org/10.1109/TMTT.2017.2706688","yes","not reported","closed-loop decorrelation","base-station and commercial LTE-A mobile PA","not reported","single and dual band","not reported","LTE/LTE-A","multiple physical setups","concurrent coefficient adaptation","single observation receiver","not reported","not reported","published RF improvements; no single cross-setup scalar used here","not reported","basis-dependent","main and learning costs discussed; exact unified real count not reported","not reported","measurement setup","yes","conditioning and feedback distortion affect convergence","direct prior to residual observer/decorrelation","no","physical-DPD","not reported","not reported","paper-specific; see aclr_acpr cell; do not numerically merge across rows"
"D012","Decorrelation-Based Piecewise Digital Predistortion: Operating Principle and RF Measurements","Mahmoud Abdelaziz; Lauri Anttila; Alberto Brihuega; Markus Allén; Mikko Valkama","2019","ISWCS 2019","https://doi.org/10.1109/ISWCS.2019.8877236","yes","not reported","piecewise GMP; decorrelation","RFHIC RTH26008N-30 GaN Doherty","2.62-2.69","20; 40","not reported","LTE-like 16-QAM","+39.5 dBm physical setup","piecewise orthogonalized decorrelation","closed-loop observation","not reported","not reported","20 MHz no DPD 28.46/29.41 dB; PW 45.24/44.39 dB; 40 MHz no DPD 28.91/31.67; PW 42.24/41.35","not reported","classical GMP 180; PW-GMP 192 coefficients","exact real operation count not reported","not reported","physical measurement","yes","regional model fixed; not structure discovery","local-region and decorrelation prior","no","physical-DPD","not reported","not reported","paper-specific; see aclr_acpr cell; do not numerically merge across rows"
"D013","Digital Predistortion Using a Vector-Switched Model","Sepideh Afsardoost; Thomas Eriksson; Christian Fager","2012","IEEE Transactions on Microwave Theory and Techniques","https://doi.org/10.1109/TMTT.2012.2184295","no","not reported","vector-switched; piecewise","physical PA","not reported","not reported","not reported","wideband modulated","authors' setup","piecewise model extraction","offline","not reported","not reported","not reported","not reported","not reported","routing plus active branch cost not fully normalized here","not reported","none reported","yes","different setup; switching transients not characterized for this project","prior to expert/region selection","no","physical-DPD","not reported","not reported","not reported"
"D014","Gradient-Adaptive Spline-Interpolated LUT Methods for Low-Complexity Digital Predistortion","Pablo Pascual Campo; Alberto Brihuega; Lauri Anttila; Matias Turunen; Dani Korpi; Markus Allén; Mikko Valkama","2021","IEEE Transactions on Circuits and Systems I","https://doi.org/10.1109/TCSI.2020.3034825","yes","not reported","SPH; SMP; complex spline LUT","Mini-Circuits; Skyworks; 64-element mmWave array","3.5; 3.65; 28","100; 200","491.52 for E1/E2; not reported here for E3","5G NR OFDM; 64-QAM OTA","three physical experiments E1/E2/E3","ILA iterations; LMS/decoupled LMS","feedback capture","NMSE not reported","E1 SPH 5.54%; SMP 5.57%; MP 5.47%; 28 GHz 200 MHz SPH 6.25%; SMP 6.20%; MP 6.13%","28 GHz 200 MHz no DPD 26.3 dB; SPH 34.1; SMP 34.4; MP 35.0","E3 PAPR about 7 dB","typical SPH 14; SMP 31; MP 24 complex coefficients","SPH 40; SMP 63; MP 112 real MUL/sample in representative setup","not reported","physical RF setup; no target FPGA","yes","different PA strata; cubic spline addressing cost target-dependent","closest physical prior to current spline-memory DPD","no","physical-DPD","not reported","paper-specific; see evidence and dataset fields","physical cascade; positive ACLR suppression magnitude in dB (larger is better)"
"D015","Piecewise Digital Predistortion for mmWave Active Antenna Arrays: Algorithms and Measurements","Alberto Brihuega; Mahmoud Abdelaziz; Lauri Anttila; Matias Turunen; Markus Allén; Thomas Eriksson; Mikko Valkama","2020","IEEE Transactions on Microwave Theory and Techniques","https://doi.org/10.1109/TMTT.2020.2994311","yes","not reported","piecewise closed-loop decorrelation; pruning","64-element AWMF-0129 active array","28","400","5x oversampled","5G NR OFDM 64-QAM","physical OTA","10 x 20k-sample update blocks","closed-loop","not reported","not reported","starting ACLR down to 21 dBc; about +4 dB usable EIRP versus references","about 7 dB","348 pruned to 96 basis functions","basic forward 935 paper FLOP/sample; orthogonalized up to 27847; pruned orthogonalized 2219","not reported","physical OTA","yes","some forward variants exceed project budget; beam-specific","closest pruning/residual-correlation prior","no","physical-DPD","not reported","not reported","physical cascade; paper-specific ACLR/EIRP convention"
"D016","Mixture of Experts Approach for Piecewise Modeling and Linearization of RF Power Amplifiers","Alberto Brihuega; Mahmoud Abdelaziz; Lauri Anttila; Yue Li; Anding Zhu; Mikko Valkama","2022","IEEE Transactions on Microwave Theory and Techniques","https://doi.org/10.1109/TMTT.2021.3098867","no","not reported","mixture of experts; piecewise DPD","physical RF PA","not reported","not reported","not reported","wideband modulated","authors' physical setups","expert/gate training","conditioned routing","not reported","not reported","not reported","not reported","multiple experts","router plus active experts; exact project-normalized cost not reported","not reported","physical measurement","yes","generic MoE already known; switching and stored-bank cost","prior to frame-level expert bank","no","physical-DPD","not reported","not reported","not reported"
"D017","Comparison of Feature Selection Techniques for Power Amplifier Behavioral Modeling and Digital Predistortion Linearization","Abdoul Barry; Wantao Li; Juan A. Becerra; Pere L. Gilabert","2021","Sensors","https://doi.org/10.3390/s21175772","yes","not reported","GMP feature selection; DOMP; LASSO","physical load-modulated balanced amplifier","2.0","120 occupied spread; 200 modeling","614.4","4 x LTE20 64-QAM","physical LMBA; separate 307200-sample train/validation blocks","offline feature selection and LS","ILA/measurement feedback","not reported","DOMP 0.9-1.2%; LASSO 1.1-1.6%; no DPD 2.3-3.0%","17-term DOMP -45.0/-46.1 dBc; LASSO -41.0/-43.6; no DPD -31.7/-36.6","not reported","979 initial; 17 selected terms example","selected-term dependent; exact generated-basis real count not reported","not reported","RFSoC measurement platform","yes","offline selection cost and different PA","mandatory advisor baseline","no","physical-DPD","not reported","not reported","physical cascade; negative dBc absolute ACPR"
"D018","Sparse Flexible Reduced-Volterra Model for Power Amplifier Digital Pre-Distortion","Cyro S. Hemsi; Cristiano M. Panazio","2022","IEEE Access","https://doi.org/10.1109/ACCESS.2022.3223369","no","not reported","sparse reduced Volterra; LASSO; sparse-group LASSO","physical LTE capture","not reported","not reported","not reported","LTE","measured PA dataset with offline evaluation","LASSO/SGL and model selection","ILA/offline","not reported","not reported","about 3 dB ACPR advantage over GMP at comparable/lower running cost in paper setup","not reported","selected sparse groups","inference selected-term dependent; offline SLEP search up to thousands of iterations","not reported","none reported","physical data; DPD scoring classification limited by accessible text","calibration is not free; not OpenDPD setup","structured-sparsity comparator","no","physical-data/surrogate","not reported","measured-data PA behavioral-model prediction","paper-specific; see aclr_acpr cell; do not numerically merge across rows"
"D019","A Doubly Orthogonal Matching Pursuit Algorithm for Sparse Predistortion of Power Amplifiers","Juan A. Becerra; María J. Madero-Ayora; Javier Reina-Tosina; Carlos Crespo-Cadenas; Javier García-Frías; Gonzalo Arce","2018","IEEE Microwave and Wireless Components Letters","https://doi.org/10.1109/LMWC.2018.2845947","yes","not reported","DOMP sparse DPD","physical GaN PA","not reported","15","not reported","OFDM","physical setup","greedy double orthogonal matching pursuit","offline selection plus physical evaluation","not reported","not reported","physical improvement published; exact table not reused without full setup","not reported","selected regressors","calibration greedy projection; deployed selected terms","not reported","physical measurement","yes","residual-correlation selection is prior art","mandatory correlation-selection baseline","no","physical-DPD","not reported","not reported","paper-specific; see aclr_acpr cell; do not numerically merge across rows"
"D020","Digital Predistortion for Power Amplifier Based on Sparse Bayesian Learning","Jun Peng; Songbai He; Bingwen Wang; Zhijiang Dai; Jingzhou Pang","2016","IEEE Transactions on Circuits and Systems II","https://doi.org/10.1109/TCSII.2016.2534718","no","not reported","sparse Bayesian DPD","physical PA","not reported","not reported","not reported","wideband modulated","authors' setup","sparse Bayesian regression","offline/feedback capture","not reported","not reported","not reported","not reported","sparse relevance set","calibration heavier than ridge; deployed selected terms","not reported","none reported","yes","detailed public operation count not reported","uncertainty-aware sparse comparator","no","physical-DPD","not reported","not reported","not reported"
"D021","A Sparse-Bayesian Approach for the Design of Robust Digital Predistorters Under Power-Varying Operation","Carlos Crespo-Cadenas; Maria J. Madero-Ayora; Juan A. Becerra; Sergio Cruces","2022","IEEE Transactions on Microwave Theory and Techniques","https://doi.org/10.1109/TMTT.2022.3157586","no","not reported","robust sparse Bayesian DPD","physical PA","not reported","not reported","not reported","power-varying modulated waveform","multiple operating powers","sparse Bayesian active-set fit","recalibration across power","not reported","not reported","not reported","not reported","selected active terms","selected-term runtime; Bayesian calibration cost separate","not reported","physical measurement","yes","different operating-point setup","robust branch-selection baseline","no","physical-DPD","not reported","not reported","not reported"
"D022","Digital Predistortion of LTE-A Power Amplifiers Using Compressed-Sampling-Based Unstructured Pruning of Volterra Series","Abubaker Abdelhafiz; Andrew Kwan; Oualid Hammi; Fadhel M. Ghannouchi","2014","IEEE Transactions on Microwave Theory and Techniques","https://doi.org/10.1109/TMTT.2014.2360845","no","not reported","compressed sampling; Volterra pruning","physical LTE-A PA","not reported","not reported","not reported","LTE-A","authors' setup","compressed-sensing selection","offline fit","not reported","not reported","not reported","not reported","sparse Volterra","unstructured selected-term dependent","not reported","none reported","yes","irregular hardware routing and different PA","sparse dictionary prior","no","physical-DPD","not reported","not reported","not reported"
"D023","Efficient Digital Predistortion Using Sparse Neural Network","Masaaki Tanio; Naoto Ishii; Norifumi Kamiya","2020","IEEE Access","https://doi.org/10.1109/ACCESS.2020.3005146","yes","not reported","structured sparse ETDNN","GaN Doherty","3.5","15","96","LTE","physical setup","group-lasso structured sparsification","offline training","not reported","not reported","similar ACLR to conventional NN in paper setup","not reported","about 40 active parameters in cited configuration","about 30x lower reported complexity than conventional NN; exact common convention not recovered","not reported","hardware-oriented analysis; no common target result","yes","narrower bandwidth and different cost convention","structured-neural sparsity prior","no","physical-DPD","not reported","not reported","paper-specific; see aclr_acpr cell; do not numerically merge across rows"
"D024","Decomposed Vector Rotation-Based Behavioral Modeling for Digital Predistortion of RF Power Amplifiers","Anding Zhu","2015","IEEE Transactions on Microwave Theory and Techniques","https://doi.org/10.1109/TMTT.2014.2387853","yes","not reported","DVR; modified CPWL","GaN class-AB ET; LDMOS Doherty","2.14","20; 60","122.88; 368.64","LTE; mixed GSM+LTE","two physical setups","linear least squares; ILA","physical feedback capture","not reported","not reported","ET DVR 54.4/54.0 dBc versus 30.8/32.1; Doherty LTE ACPR +28 dB","ET PAPR 6.5 dB","84; 95 coefficients","basis generation and phase restoration cost not fully reported","not reported","physical measurements","yes","coefficient count is not operations; different PA","CPWL/DVR baseline","no","physical-DPD","ET no DPD 8.42%; DVR 0.98%; Doherty no DPD 15.8%; DVR 0.69%","physical cascade; NRMSE is reported only in percent","physical cascade; positive suppression magnitude in dB/dBc; improvement noted separately"
"D025","Dynamic Behavioral Modeling of 3G Power Amplifiers Using Real-Valued Time-Delay Neural Networks","T. Liu; S. Boumaiza; F. M. Ghannouchi","2004","IEEE Transactions on Microwave Theory and Techniques","https://doi.org/10.1109/TMTT.2004.823583","no","not reported","RVTDNN behavioral model","physical PA data","not reported","not reported","not reported","3G waveform","measured dataset","backpropagation","offline model","not reported","not reported","not reported","not reported","not reported","dense network dependent","not reported","none reported","physical data only","behavioral-model evidence not deployed DPD","neural baseline history","no","physical-data/surrogate","not reported","not reported","not reported"
"D026","Adaptive Digital Predistortion of Wireless Power Amplifiers/Transmitters Using Dynamic Real-Valued Focused Time-Delay Line Neural Networks","M. Rawat; K. Rawat; F. M. Ghannouchi","2010","IEEE Transactions on Microwave Theory and Techniques","https://doi.org/10.1109/TMTT.2009.2036334","no","not reported","RVFTDNN adaptive DPD","physical transmitter/PA","not reported","not reported","not reported","wideband modulated","authors' physical setup","neural adaptive fit","feedback adaptation","not reported","not reported","not reported","not reported","architecture-dependent","dense per-sample path","not reported","none reported","yes","exact modern hardware budget not given","legacy neural comparator","no","physical-DPD","not reported","not reported","not reported"
"D027","Augmented Real-Valued Time-Delay Neural Network for Compensation of Distortions and Impairments in Wireless Transmitters","Dongming Wang; Mohsin Aziz; Mohamed Helaoui; Fadhel M. Ghannouchi","2019","IEEE Transactions on Neural Networks and Learning Systems","https://doi.org/10.1109/TNNLS.2018.2838039","no","not reported","augmented RVTDNN","physical transmitter","not reported","not reported","not reported","wideband wireless","authors' setup","backpropagation","offline/adaptive","not reported","not reported","not reported","not reported","not reported","dense network dependent","not reported","none reported","yes","joint impairments and different setup","neural impairment-compensation prior","no","physical-DPD","not reported","not reported","not reported"
"D028","Physically Inspired Neural Network Model for RF Power Amplifier Behavioral Modeling and Digital Predistortion","Farouk Mkadem; Slim Boumaiza","2011","IEEE Transactions on Microwave Theory and Techniques","https://doi.org/10.1109/TMTT.2010.2098041","no","not reported","physically inspired NN","physical RF PA","not reported","not reported","not reported","wideband modulated","authors' setup","neural training","offline/feedback","not reported","not reported","not reported","not reported","not reported","not reported","not reported","none reported","yes","older setup; no common operation count","structured-neural prior","no","physical-DPD","not reported","not reported","not reported"
"D029","Vector Decomposition Based Time-Delay Neural Network Behavioral Model for Digital Predistortion of RF Power Amplifiers","Yikang Zhang; Yue Li; Falin Liu; Anding Zhu","2019","IEEE Access","https://doi.org/10.1109/ACCESS.2019.2927875","no","not reported","vector-decomposed TDNN","physical PA","not reported","not reported","not reported","wideband modulated","authors' setup","neural training","offline","not reported","not reported","not reported","not reported","not reported","not reported","not reported","none reported","yes","phase handling not identical to exact U(1) equivariance","phase-aware neural prior","no","physical-DPD","not reported","not reported","not reported"
"D030","Digital Predistortion of RF Power Amplifiers With Phase-Gated Recurrent Neural Networks","Tugce Kobal; Yue Li; Xiaoyu Wang; Anding Zhu","2022","IEEE Transactions on Microwave Theory and Techniques","https://doi.org/10.1109/TMTT.2022.3161024","no","not reported","phase-gated JANET/RNN","physical PA","not reported","60; 100; 200","not reported","wideband OFDM","physical PA experiments","ILC teacher; two-stage adaptation","physical feedback/offline RNN","not reported","not reported","published physical improvements; exact unified row not reused","not reported","not reported","operations and fixed point not reported","not reported","physical measurements","yes","exact hardware cost unavailable","phase-aware recurrent teacher/reference","no","physical-DPD","not reported","not reported","paper-specific; see aclr_acpr cell; do not numerically merge across rows"
"D031","Vector Decomposed Long Short-Term Memory Model for Behavioral Modeling and Digital Predistortion for Wideband RF Power Amplifiers","Hongmin Li; Yikang Zhang; Gang Li; Falin Liu","2020","IEEE Access","https://doi.org/10.1109/ACCESS.2020.2984682","no","not reported","VDLSTM; SVDLSTM","physical PA","not reported","not reported","not reported","wideband modulated","authors' setup","backpropagation","offline DPD","not reported","not reported","not reported","not reported","architecture-dependent","dense recurrent path","not reported","none reported","yes","full LSTM and hardware cost not reported","neural memory reference","no","physical-DPD","not reported","not reported","not reported"
"D032","Digital Predistortion of RF Power Amplifiers With Decomposed Vector Rotation-Based Recurrent Neural Networks","Tugce Kobal; Anding Zhu","2022","IEEE Transactions on Microwave Theory and Techniques","https://doi.org/10.1109/TMTT.2022.3209658","no","not reported","DVR-JANET","physical wideband PA","not reported","not reported","not reported","wideband waveform","authors' physical setup","ILC-assisted recurrent training","physical feedback","not reported","not reported","not reported","not reported","reduced versus PG-JANET; exact value not reused","operations/fixed point not reported","not reported","physical measurement","yes","different setup and no target hardware","compact recurrent comparator","no","physical-DPD","not reported","not reported","not reported"
"D033","Deep Neural Network-Based Digital Predistorter for Doherty Power Amplifiers","Reina Hongyo; Yoshimasa Egashira; Thomas M. Hone; Keiichi Yamaguchi","2019","IEEE Microwave and Wireless Components Letters","https://doi.org/10.1109/LMWC.2018.2888955","no","not reported","deep NN DPD","physical Doherty PA","not reported","not reported","not reported","wideband modulated","authors' setup","backpropagation","offline/physical feedback","not reported","not reported","not reported","not reported","not reported","dense network dependent","not reported","none reported","yes","different PA and missing common count","neural baseline","no","physical-DPD","not reported","not reported","not reported"
"D034","Phase-Normalized Neural Network for Linearization of RF Power Amplifiers","Arne Fischer-Bühner; Lauri Anttila; Manil Dev Gomony; Mikko Valkama","2023","IEEE Microwave and Wireless Technology Letters","https://doi.org/10.1109/LMWT.2023.3290980","no","not reported","phase-normalized NN","GaN Doherty","3.5","not reported","not reported","wideband OFDM","physical setup","ILC-assisted neural training","physical feedback","not reported","not reported","ACLR below -50 dBc; about 4 dB improvement versus compared neural/polynomial models in paper","not reported","about 1000 parameters class","phase decomposition plus dense path; exact common count not reported","not reported","physical measurement","yes","no fixed-point/hardware result","supports phase equivariance","no","physical-DPD","not reported","not reported","paper-specific; see aclr_acpr cell; do not numerically merge across rows"
"D035","Recursive Neural Network With Phase-Normalization for Modeling and Linearization of RF Power Amplifiers","Arne Fischer-Bühner; Lauri Anttila; Manil Dev Gomony; Mikko Valkama","2024","IEEE Microwave and Wireless Technology Letters","https://doi.org/10.1109/LMWT.2024.3393859","yes","not reported","PN-RNN","QPA3503 GaN Doherty","3.5","200","not reported","5G multicarrier; PAPR 8 dB","physical DPD","ILC teacher; BPTT 2200 epochs","physical feedback teacher","-42.8","1.89%","-50.0 dBc; no DPD -26.1; ILC -57.9","8 dB input waveform","1094 parameters; 13 states","not reported","not reported","none reported","yes","operations and fixed point not reported","compact-state quality reference","no","physical-DPD","not reported","paper-specific; see evidence and dataset fields","physical cascade; negative dBc absolute ACLR"
"D036","Sparsely Gated Mixture of Experts Neural Network for Linearization of RF Power Amplifiers","Arne Fischer-Bühner; Alberto Brihuega; Lauri Anttila; Matias Turunen; Vishnu Unnikrishnan; Manil Dev Gomony; Mikko Valkama","2024","IEEE Transactions on Microwave Theory and Techniques","https://doi.org/10.1109/TMTT.2023.3341616","yes","not reported","K-MENN sparse MoE","RFHIC and Qorvo GaN Doherty","1.842; 3.5","100; noncontiguous 160","not reported","OFDM","two physical PA setups","expert/gate neural training","envelope top-K routing","100 MHz K2 -41.8; K1 -41.0","K2 1.60%; K1 1.61%","K2 -49.1; K1 -47.9 dBc","not reported","N4 K2 stored 3960 active 2012; K1 active 1038","gate/top-K/input preparation not captured by active-parameter proxy","not reported","no sparse-routing accelerator reported","yes","per-sample routing and stored expert memory","direct prior to expert bank; prefer frame hard routing","no","physical-DPD","not reported","paper-specific; see evidence and dataset fields","physical cascade; negative dBc absolute ACLR"
"D037","Augmented Phase-Normalized Recurrent Neural Network for RF Power Amplifier Linearization","Arne Fischer-Bühner; Lauri Anttila; Matias Turunen; Manil Dev Gomony; Mikko Valkama","2025","IEEE Transactions on Microwave Theory and Techniques","https://doi.org/10.1109/TMTT.2024.3484581","yes","not reported","APNRRU; phase-normalized residual recurrence; envelope state","three GaN Doherty PA","not reported","up to 400 noncontiguous","983.04","256-QAM OFDM","three physical setups","ILC teacher plus recurrent training","physical feedback teacher","320 MHz -40.62; 400 MHz -35.93","320 MHz 0.93%; 400 MHz 1.24%","320 MHz -49.14; 400 MHz -45.24 dBc","not reported","about 1031 parameters","1187 real MUL; 1153 ADD; 39 activations; 1 phase decomposition/sample","not reported","none reported","yes","already above arithmetic proxy before memory/nonlinear latency; five instances trained and best-performing instance reported rather than mean/std","strong compact-state teacher/reference","no","physical-DPD","not reported","physical cascade","physical cascade; negative dBc absolute worst ACLR"
"D038","Design and Implementation of a Neural Network Based Predistorter for Enhanced Mobile Broadband","Chance Tarver; Alexios Balatsoukas-Stimming; Joseph R. Cavallaro","2019","arXiv preprint","https://arxiv.org/abs/1907.00766","no","not reported","neural DPD; FPGA-oriented","physical or hardware-in-loop setup described in paper","not reported","not reported","not reported","enhanced mobile broadband waveform","authors' setup","neural training","offline","not reported","not reported","not reported","not reported","not reported","not reported","not reported","FPGA implementation discussed","paper reports experimental implementation","different setup; exact common metrics not reused","early neural hardware prior","no","physical-DPD","not reported","not reported","not reported"
"D039","TCN-DPD: Parameter-Efficient Temporal Convolutional Networks for Wideband Digital Predistortion","Huanqiang Duan; Manno Versluis; Qinyu Chen; Leo C. N. de Vreede; Chang Gao","2025","IEEE MTT-S IMS 2025","https://doi.org/10.1109/IMS40360.2025.11103923","yes","not reported","dilated depthwise TCN","OpenDPD DPA digital transmitter capture via DGRU PA","not applicable physical carrier in local evaluation","200","800","10 x 20 MHz 64-QAM OFDM","OpenDPD DPA_200MHz; PA surrogate fidelity -31.84 dB","end-to-end through frozen DGRU; 5 seeds","surrogate feedback gradient","TCN500 -44.61 +/-1.37","-47.52 dB","L/R -51.58 +/-2.84 / -49.26 +/-2.04 dBc","not reported","about 500 parameters","full operation count not reported","not reported","none","no physical DPD; measured-source data only","noncausal look-ahead; metrics exceed evaluator fidelity","research comparator; requires causal ablation","no","physical-data/surrogate","not reported","surrogate cascade","surrogate cascade; negative dBc absolute left/right ACPR"
"D040","SparseDPD: A Sparse Neural Network-Based Digital Predistortion FPGA Accelerator for RF Power Amplifier Linearization","Manno Versluis; Yizhuo Wu; Chang Gao","2025","FPL 2025","https://doi.org/10.1109/FPL68686.2025.00031","yes","https://github.com/MannoVersluis/SparseDPD","pruned PNTDNN; QAT","3.5 GHz GaN Doherty physical capture","3.5","20","not reported","64-QAM","172035 measured samples; 60/20/20; surrogate cascade","QAT 400 epochs plus six pruning rounds","offline; OpenDPD surrogate score","-48.2 surrogate","-54.0 dB surrogate","-59.4 dBc surrogate","not reported","64 stored parameters; 74% zeros","72 reported operations/sample","Q1.13 inputs/weights/activations; Q2.27 output","Zynq-7Z010 post-implementation simulation; 170 MS/s; 66 DSP; 13 BRAM; 405 mW estimated","no physical cascade measurement; physical capture only","one seed; unstructured zero needs zero-skipping","hardware-oriented comparator; do not label physical RF result","no","physical-data/surrogate+hardware-post","not reported","surrogate cascade","surrogate cascade; negative dBc absolute ACPR"
"D041","DeltaDPD: Exploiting Dynamic Temporal Sparsity in Recurrent Neural Networks for Energy-Efficient Wideband Digital Predistortion","Yizhuo Wu; Yi Zhu; Kun Qian; Qinyu Chen; Anding Zhu; John Gajadharsing; Leo C. N. de Vreede; Chang Gao","2025","IEEE Microwave and Wireless Technology Letters","https://doi.org/10.1109/LMWT.2025.3565004","yes","not reported","DeltaGRU temporal sparsity","GaN Doherty","3.5","200","983.04","TM3.1a 256-QAM OFDM","physical DPD; surrogate training","AdamW 200 epochs through surrogate","physical final measurement; thresholded state updates","-37.22 at 52% sparsity","-38.52 dB","-50.03 dBc","not reported","573 parameters","589 MUL; 2005 ADD; 710 memory accesses/sample","not reported","7 nm 6.41 nJ estimated; not silicon","yes","average sparsity waveform-dependent; worst-case not guaranteed","temporal-sparse neural reference","no","physical-DPD+hardware-post","not reported","physical cascade","physical cascade; negative dBc absolute ACPR"
"D042","MP-DPD: Low-Complexity Mixed-Precision Neural Networks for Energy-Efficient Digital Predistortion of Wideband Power Amplifiers","Yizhuo Wu; Ang Li; Mohammadreza Beikmirza; Gagan Deep Singh; Qinyu Chen; Leo C. N. de Vreede; Morteza Alavi; Chang Gao","2024","IEEE Microwave and Wireless Technology Letters","https://doi.org/10.1109/LMWT.2024.3386330","yes","not reported","mixed-precision GRU DPD","40 nm digital PA measured dataset","2.4","160","640","4 x 40 MHz 1024-QAM OFDM","491520 samples; 60/20/20; surrogate training/evaluation","Adam 100 epochs","frozen surrogate","not reported","FP32 -38.46 dB; W16A16 -38.72; W12A12 -37.45","FP32 L/R -43.36/-45.30; W16A16 -43.75/-45.27; W12A12 -42.36/-43.79","10.38 dB","502 parameters","502 MUL; 1417 ADD; 506 memory/sample plus FP32 features","FP32; W16A16; W12A16; W12A12; W8A8","7 nm energy model; no silicon","physical source data; DPD score via surrogate","not physical DPD proof","operation/quantization accounting reference","no","physical-data/surrogate+hardware-post","not reported","measured-data/surrogate evaluation","measured-data/surrogate evaluation; negative dBc absolute left/right ACPR"
"D043","OpenDPDv2: A Unified Learning and Optimization Framework for Neural Network Digital Predistortion","Yizhuo Wu; Ang Li; Chang Gao","2025","arXiv preprint","https://arxiv.org/abs/2507.06849","yes","https://github.com/lab-emi/OpenDPD","TRes-DeltaGRU; E2E DLA","3.5 GHz GaN Doherty","3.5","200","983.04","TM3.1a 5 x 40 MHz 256-QAM OFDM","98304 samples; 60/20/20; physical final measurement","AdamW 240 epochs through frozen PA; validation ACPR selection","physical final measurement","-39.6","-42.1 dB","average -59.9 dBc","10.01 dB at stated CCDF","999 trainable parameters","1324 paper FLOP/sample; not real-MUL count","FP32; W16A16; W12A12 ablations","gem5 ARM/7 nm energy model; no fabricated accelerator","yes","left/right ACPR and calibration time not published; temporal sparsity cost incomplete","primary apples-to-apples target only if same APA setup/checkpoint","reference","physical-DPD+hardware-post","not reported","physical final cascade","physical final cascade; negative dBc average ACPR"
"D044","DPD-NeuralEngine: A 22-nm 6.6-TOPS/W/mm² Recurrent Neural Network Accelerator for Wideband Power Amplifier Digital Pre-Distortion","Ang Li; Haolin Wu; Yizhuo Wu; Qinyu Chen; Leo C. N. de Vreede; Chang Gao","2025","ISCAS 2025","https://doi.org/10.1109/ISCAS56072.2025.11043563","yes","not reported","GRU accelerator; QAT","physical GaN Doherty about 40 dBm","not reported","80 RF experiment; 60 in hardware table","not reported","64-QAM OFDM","physical RF data plus ASIC post-layout","QAT 300 epochs","offline training","not reported","-39.8 dB","-45.3 dBc","8.2 dB","502 parameters","1026 operations/sample","W12A12 Q2.10","GF22FDX post-layout; 2 GHz; 250 MS/s; 7.5 ns; 195 mW; 0.2 mm2","physical RF result; accelerator not fabricated","60/80 MHz ambiguity; post-layout is not silicon","hardware Pareto reference","no","physical-DPD+hardware-post","not reported","physical cascade","physical cascade; negative dBc absolute ACPR"
"D045","Low Complexity Neural Network Digital Predistortion of Wideband Power Amplifiers Through Feature Selection","Cel Thys; Rodney Martinez Alonso; Ali H. Alsarraf; Dominique Schreurs; Sofie Pollin","2026","arXiv preprint","https://arxiv.org/abs/2607.15441","yes","dataset DOI https://doi.org/10.48804/306IIM","LASSO/MRMR feature-selected residual PNN","ADL9006 and second 15 GHz PA","15","100","1280","single-carrier 64-QAM RRC","physical FR3 DUT1/DUT2; 33/33/33","ILA; 321200 offline features; LASSO then MRMR","physical final remeasurement","98-coeff inverse validation -35.3823","98-coeff 1.38%; 650-coeff 1.08%","98-coeff worst -43.8113; no DPD -33.0857; 650-coeff -41.8760","not reported","98; 344; 650 selected coefficient points","407; 939; 1768 FLOP/sample; offline search excluded","not reported","none reported","yes for DUT1 final table","fresh preprint; huge calibration dictionary; arbitrary real I/Q terms","strongest immediate sparse-feature competitor","no","physical-DPD","not reported","inverse-model validation; physical final spectrum reported separately","physical final cascade; negative dBc worst ACLR; no-DPD reference shown"
"D046","OwnDPDLab: A Flexible Open-Source Testbed for Wideband DPD Algorithm Benchmarking","Marvin Jaeger; Philipp Luetke; David Kopyto; Georg Frederik Riemschneider; Omar Jabi; Alexander Koelpin","2026","arXiv preprint","https://arxiv.org/abs/2607.11612","no","https://github.com/MarvinJaegerIng/OwnDPDLab","open physical DPD testbed; MP; ARVTDNN","Mini-Circuits ZHL-42-SMA with RFSoC 4x2","0.9; 3.9152","196.608 demonstration; platform instantaneous bandwidth 983.04","983.04 baseband; 4915.2 ADC/DAC","256-QAM OFDM","200000-sample physical first- and second-Nyquist-zone demonstrations","ILA-style inverse fit; LS MP; trained ARVTDNN; Optuna topology search","physical observation feedback","zone 1 no DPD -24.47; MP -47.29; ARVTDNN -46.28 dB; zone 2 -19.95/-35.38/-35.80 dB","zone 1 no DPD 5.98%; MP 0.43%; ARVTDNN 0.49%; zone 2 10.06%/1.70%/1.62%","zone 1 no DPD -41.75; MP -52.52; ARVTDNN -52.47 dBc; zone 2 -44.97/-49.33/-49.53 dBc","not reported","MP 30/18 coefficients; ARVTDNN 17474/3074 parameters for zones 1/2","full real-operation count not reported; MP has far fewer coefficients than ARVTDNN","not reported","RFSoC 4x2; 4.9152 GS/s converters; physical replay/observation; open client, PS code and PL bitstream","yes","very recent preprint; topology optimized on recorded data; different PA/operating points across Nyquist zones; parameter count is not runtime","future reproducible physical benchmark option","no","physical-DPD+hardware-real","not reported","physical cascade","physical cascade; negative dBc absolute ACLR; one summary value per zone"
"D047","Novel Parallel-Processing-Based Hardware Implementation of Baseband Digital Predistorters for Linearizing Wideband 5G Transmitters","Hai Huang; Jingjing Xia; Slim Boumaiza","2020","IEEE Transactions on Microwave Theory and Techniques","https://doi.org/10.1109/TMTT.2020.2993236","yes","not reported","parallel pruned CRV/GMP hardware","physical 28 GHz PA/array","28","400; also wider OTA case","2400 throughput for 400 MHz signal","5G waveform","physical PA plus ZCU102","model extraction and pruning","physical feedback","not reported","-39.2 dB in cited own setup","-44.7 dBc in cited own setup","not reported","about 36 coefficients in contextual table","regular parallel datapath; paper-specific count","fixed point; exact format paper-specific","ZCU102 real FPGA; 2.4 GS/s; 300 MHz; about 0.96 W","yes","different PA and cost convention","strong hardware-real throughput anchor","no","physical-DPD+hardware-real","not reported","not reported","paper-specific; see aclr_acpr cell; do not numerically merge across rows"
"D048","Reducing Power Consumption of Digital Predistortion for RF Power Amplifiers Using Real-Time Model Switching","Yue Li; Xiaoyu Wang; Anding Zhu","2022","IEEE Transactions on Microwave Theory and Techniques","https://doi.org/10.1109/TMTT.2021.3132347","no","not reported","decision-tree branch/model switching","physical PA","not reported","not reported","not reported","wideband varying operation","physical PA and FPGA","conditional branch training","per-sample decision tree routing","not reported","not reported","published physical RF evidence; exact unified row not reused","not reported","multiple stored coefficient sets; one branch active","router plus one active branch","fixed-point/FPGA paper-specific","physical FPGA/power evidence","yes","switching/control and stored-bank cost; different setup","direct prior to conditional expert execution","no","physical-DPD+hardware-real","not reported","not reported","paper-specific; see aclr_acpr cell; do not numerically merge across rows"
"D049","Bandwidth-Scalable Digital Predistortion of Active Phased Array Using Transfer Learning Neural Network","Feridoon Jalili; Felice Francesco Tafuri; Ole Kiel Jensen; Qingyue Chen; Ming Shen; Gert F. Pedersen","2023","IEEE Access","https://doi.org/10.1109/ACCESS.2023.3242648","no","not reported","transfer-learning adapter plus frozen TDNN","4 x 4 active phased array OTA","sub-6 training; upconverted to 28","20-100","not reported","wideband OTA waveform","physical OTA APA","pretrain 20 MHz backbone; fit small added layer","limited-sample adaptation","not reported","100 MHz improvement 8.6 percentage points","100 MHz ACLR improvement 8.5 dB","not reported","frozen backbone plus 1x16 adapter","160 MUL is added layer only; frozen backbone must also execute","not reported","physical OTA","yes","headline 199168 to 160 is not full inference reduction","calibration adapter prior, not cheap fast path","no","physical-DPD","not reported","not reported","paper-specific; see aclr_acpr cell; do not numerically merge across rows"
"D050","Continual Learning Digital Predistortion of RF Power Amplifier for 6G AI-Empowered Wireless Communication","Yucheng Yu; Peng Chen; Xiao-Wei Zhu; Jianfeng Zhai; Chao Yu","2022","IEEE Transactions on Microwave Theory and Techniques","https://doi.org/10.1109/TMTT.2022.3210199","no","not reported","continual-learning neural DPD","physical Doherty PA","not reported","multiple bandwidths","not reported","multiple power/waveform states","physical multi-state setup","continual retention/transfer/merge","state changes and recalibration","not reported","not reported","not reported","not reported","network plus stored regime information","not reported","not reported","physical measurement","yes","exact full table not available in open text; deployed cheapness not proved","slow control-plane and forgetting prior","no","physical-DPD","not reported","not reported","not reported"
"D051","Gated Dynamic Neural Network Model for Digital Predistortion of RF Power Amplifiers With Varying Transmission Configurations","Chengye Jiang; Guichen Yang; Renlong Han; Jingchao Tan; Falin Liu","2023","IEEE Transactions on Microwave Theory and Techniques","https://doi.org/10.1109/TMTT.2023.3241612","no","not reported","GDNN; sparse configuration gating","physical Doherty","not reported","varying bandwidth","not reported","varying power; bandwidth; PAPR","physical multi-configuration setup","configuration-conditioned neural training","dynamic sparse gates","not reported","not reported","not reported","varied","not reported","reported runtime reduction over 50% with small quality loss; exact target-normalized schedule not recovered","not reported","physical measurement","yes","generic conditioning already prior art","hypernetwork/gating comparator","no","physical-DPD","not reported","not reported","not reported"
"D052","Digital Predistortion of RF Power Amplifiers Robust to a Wide Temperature Range and Varying Peak-to-Average Ratio Signals","Gautam Jindal; Gavin T. Watkins; Kevin Morris; Tommaso A. Cappello","2022","IEEE Transactions on Microwave Theory and Techniques","https://doi.org/10.1109/TMTT.2022.3175155","yes","not reported","temperature-aware DPD; thermal state sensitivity","10 W GaN-on-SiC class-B","3.75","multiple; not consolidated here","not reported","PAPR 6-12 dB","physical 20-80 C setup","temperature model plus DPD","temperature-conditioned recalibration","not reported","not reported","temperature-aware ACPR 1-4 dB better than temperature-unaware model","6-12 dB","not reported","one-pole thermal model plus DPD; exact common cost not reported","not reported","physical measurement","yes","temperature sensor/model required; not current dataset","slow-state evidence","no","physical-DPD","thermal-state model below 7%","thermal-state model; not cascade DPD NMSE","physical cascade; positive relative ACPR improvement versus temperature-unaware DPD"
"D053","Linearisation of Radio Frequency Power Amplifiers Exhibiting Memory Effects Using Direct Learning-Based Adaptive Digital Predistortion","Neha Dawar; Tushar Sharma; Ramzi Darraji; Fadhel M. Ghannouchi","2016","IET Communications","https://doi.org/10.1049/iet-com.2015.1048","no","not reported","adaptive direct-learning MP","physical PA","not reported","20","not reported","LTE","power and bias changes","adaptive DLA","feedback adaptation","not reported","not reported","not reported","not reported","MP-dependent","not reported","not reported","physical measurement","yes","exact tables inaccessible; different setup","simple adaptive baseline","no","physical-DPD","not reported","not reported","not reported"
"D054","Self-Sensing Digital Predistortion of RF Power Amplifiers for 6G Intelligent Radio","Yucheng Yu; Jialin Cai; Xiao-Wei Zhu; Peng Chen; Chao Yu","2022","IEEE Microwave and Wireless Components Letters","https://doi.org/10.1109/LMWC.2021.3139018","no","not reported","self-sensing/adaptive DPD","physical PA","not reported","not reported","not reported","wideband waveform","physical setup","state sensing plus DPD adaptation","feedback/state observation","not reported","not reported","not reported","not reported","not reported","not reported","not reported","physical measurement","yes","details not normalized to project cost","observer/controller prior","no","physical-DPD","not reported","not reported","not reported"
"D055","A Modular 1D-CNN Architecture for Real-Time Digital Pre-Distortion","Udara De Silva; Toshiaki Koike-Akino; Rui Ma; Ao Yamashita; Hideyuki Nakamizo","2022","IEEE PAWR 2022","https://doi.org/10.1109/PAWR53092.2022.9719754","no","not reported","modular 1D-CNN","hardware-in-loop physical setup","not reported","not reported","not reported","wideband modulated","physical/HIL setup","neural training","offline","not reported","not reported","not reported","not reported","not reported","CNN-dependent","not reported","real-time/HIL evidence","yes/HIL","exact causality and project-normalized cost not reported","causal-CNN comparator after verification","no","physical-DPD+hardware-real","not reported","not reported","not reported"
"D056","Residual Neural Networks for Digital Predistortion","Yibo Wu; Ulf Gustavsson; Alexandre Graell i Amat; Henk Wymeersch","2020","arXiv preprint","https://arxiv.org/abs/2005.05655","no","not reported","R2TDNN residual neural DPD","physical PA","not reported","not reported","not reported","wideband waveform","physical setup","residual backpropagation","offline/physical measurement","not reported","not reported","better NMSE/ACPR than compared NNs at similar/lower complexity in paper","not reported","architecture-dependent","dense residual network; exact common count not reported","not reported","physical measurement","yes","different setup and no fixed point","direct prior to tiny residual network","no","physical-DPD","not reported","not reported","paper-specific; see aclr_acpr cell; do not numerically merge across rows"
"D057","Efficient Attention Guided 5G Power Amplifier Digital Predistortion","Alexandru Cioba; Alvin Chua; Da-shan Shiu; Ting-Hsun Kuo; Chia-Sheng Peng","2020","arXiv preprint","https://arxiv.org/abs/2003.13361","no","not reported","AGMPNN; amplitude-offset MP experts; attention","5G PA capture","not reported","not reported","not reported","5G waveform","measured captures; inverse-fit emphasis","Adam; exhaustive architecture search","ILA; per-sample soft routing","inverse NMSE up to 3.5 dB better than RVFTDNN","not reported","not reported","not reported","100-600 parameter budget; 43L+51 cited form","parameter proxy excludes softmax/nonlinear and exact RF cascade","not reported","none reported","physical-cascade status not demonstrated clearly","inverse-fit result and soft-routing cost","MoE/structured-attention prior","no","uncertain","not reported","paper-specific; see evidence and dataset fields","not reported"
"D058","Symbol-Based Over-the-Air Digital Predistortion Using Reinforcement Learning","Yibo Wu; Jinxiang Song; Christian Häger; Ulf Gustavsson; Alexandre Graell i Amat; Henk Wymeersch","2021","arXiv preprint","https://arxiv.org/abs/2111.11923","no","not reported","symbol-based RL DPD","GMP plus AWGN simulation","not reported","not reported","not reported","symbol waveform","simulation","reinforcement learning","OTA reward/simulation","not reported","not reported","not reported","not reported","policy-dependent","training/sample cost high; not reported as target kernel","not reported","none","no","simulation and exploration safety","RL comparator only","no","simulation","not reported","not reported","not reported"
"D059","Low-Complexity Sub-Band Digital Predistortion for Spurious Emission Suppression in Noncontiguous Spectrum Access","Mahmoud Abdelaziz; Lauri Anttila; Chance Tarver; Kaipeng Li; Joseph R. Cavallaro; Mikko Valkama","2016","IEEE Transactions on Microwave Theory and Techniques","https://doi.org/10.1109/TMTT.2016.2602208","yes","not reported","sub-band IM3/IM5/IM7 DPD; NLMS/decorrelation","commercial LTE-A mobile PA","not reported","3/5 MHz carriers; 20/40 MHz spacing","not reported","noncontiguous LTE-A","+25 dBm physical setup","sample NLMS and block decorrelation","physical feedback","not reported","not reported","over 20 dB suppression for target ninth-order IM3 case","not reported","fixed subband dictionary","low-complexity targeted basis; exact common count not reported","not reported","physical measurement","yes","specialized to specified subbands","direct spectral-target loss/adaptation prior","no","physical-DPD","not reported","not reported","paper-specific; see aclr_acpr cell; do not numerically merge across rows"
"D060","OpenDPD: An Open-Source End-to-End Learning & Benchmarking Framework for Wideband Power Amplifier Modeling and Digital Pre-Distortion","Yizhuo Wu; Gagan Deep Singh; Mohammadreza Beikmirza; Leo C. N. de Vreede; Morteza Alavi; Chang Gao","2024","ISCAS 2024","https://doi.org/10.1109/ISCAS58744.2024.10558162","no","https://github.com/lab-emi/OpenDPD","open end-to-end neural DPD framework; DGRU","40 nm CMOS digital transmitter capture","2.4","200","800","10 x 20 MHz OFDM","OpenDPD DPA_200MHz; five seeds","PA surrogate then end-to-end DPD training","surrogate gradient plus final physical measurement","DGRU DPD -41.85 +/-0.51 dB through surrogate","measured -35.22 +/-0.38 dB","measured ACPR L/R -44.69 +/-0.57 / -44.47 +/-0.27 dBc","not reported","DGRU 486 parameters","model-dependent; complete real-operation count not reported","not reported","software framework","yes; final ACPR/EVM measured on physical transmitter","NMSE is surrogate-mediated while ACPR/EVM are final measured values; framework metrics are not automatically physical","project baseline provenance","no","physical-DPD","not reported","surrogate cascade; physical ACPR/EVM reported separately","physical final cascade; negative dBc absolute left/right ACPR"
"D061","Power Amplifier Predistortion Using Reduced Sampling Rates in the Forward and Feedback Paths","Serien Ahmed; Majid Ahmed; Souheil Bensmida; Oualid Hammi","2024","Sensors","https://doi.org/10.3390/s24113439","no","not reported","reduced-rate forward/feedback DPD","physical PA","not reported","not reported","reduced sampling studied","wideband waveform","physical setup","model extraction","reduced-rate feedback","not reported","not reported","not reported","not reported","not reported","sampling/filtering cost trade-off","not reported","physical measurement","yes","metric and PA differ; alias/filter requirements","observation-path and rate-reduction prior","no","physical-DPD","not reported","not reported","not reported"
"D062","GaN Power Amplifier Digital Predistortion by Multi-Objective Optimization for Maximum RF Output Power","Mattia Mengozzi; Gian Piero Gibiino; Alberto M. Angelotti; Corrado Florian; Alberto Santarelli","2021","Electronics","https://doi.org/10.3390/electronics10030244","no","not reported","multi-objective DPD optimization","physical GaN PA","not reported","not reported","not reported","wideband waveform","physical setup","multi-objective optimization","physical evaluation","not reported","not reported","published output-power/linearity trade-off; exact row not reused","not reported","model-dependent","optimization/calibration separate from deployed path","not reported","physical measurement","yes","different objectives/setup; no common operation budget","spectral/main-power constrained optimization prior","no","physical-DPD","not reported","not reported","paper-specific; see aclr_acpr cell; do not numerically merge across rows"
"D063","Walsh-Domain Neural Network for Power Amplifier Behavioral Modelling and Digital Predistortion","Cel Thys; Rodney Martinez Alonso; Antoine Lhomel; Maxandre Fellmann; Nathalie Deltimple; Francois Rivet; Sofie Pollin","2024","ISCAS 2024","https://doi.org/10.1109/ISCAS58744.2024.10557970","no","not reported","Walsh-domain NN; knowledge distillation","physical PA data; surrogate/model evaluation","not reported","not reported","not reported","Walsh/IQ waveform","D-band modeled/measured setup described by paper","cross-domain distillation","offline teacher-student","not reported","not reported","KD improves Walsh ACLR about 3 dB in reported setup","not reported","network-dependent","not reported","not reported","post-layout/model context; not physical closed cascade","not direct physical proof","different domain; no physical closed cascade","distillation mechanism prior","no","physical-data/surrogate","not reported","not reported","paper-specific; see aclr_acpr cell; do not numerically merge across rows"
"D064","Time vs. Frequency Domain DPD for Massive MIMO: Methods and Performance Analysis","Yibo Wu; Ulf Gustavsson; Mikko Valkama; Alexandre Graell i Amat; Henk Wymeersch","2024","arXiv preprint","https://arxiv.org/abs/2402.16577","no","not reported","time/frequency-domain DPD; massive MIMO","modeled array/PA","not reported","not reported","not reported","MIMO waveform","simulation","offline optimization","simulated feedback","not reported","not reported","not reported","not reported","not reported","not reported","not reported","none","no","simulation and array-specific","frequency-selective research context","no","simulation","not reported","not reported","not reported"
"D065","Dynamic Selection and Estimation of the Digital Predistorter Parameters for Power Amplifier Linearization","Quynh Anh Pham; Gabriel Montoro; David Lopez-Bueno; Pere L. Gilabert","2019","IEEE Transactions on Microwave Theory and Techniques","https://doi.org/10.1109/TMTT.2019.2923186","yes","not reported","PCA-DPLS; dynamic max-correlation update","Cree CGH35030F class-J GaN","0.875","80 aggregate","not reported","4 x 20 MHz 64-QAM FC-FBMC","28 dBm physical setup","offline OMP then dynamic component update","feedback adaptation","PCA-DPLS -40.35; no DPD -18.6","PCA-DPLS 1.17%; no DPD 5.73%","PCA-DPLS -49.33; no DPD -36.35 dBc","about 13 dB","GMP 322 to 100 forward coefficients; 1-10 estimated per update","adaptation O(NML+M^2+ML) with L << M; forward remains 100 coefficients","not reported","physical measurement","yes","main saving is adaptation path, not deployed DPD","closest dynamic residual-correlation prior","no","physical-DPD","not reported","paper-specific; see evidence and dataset fields","paper-specific; see aclr_acpr cell; do not numerically merge across rows"
"D066","Power Adaptive Digital Predistortion for Wideband RF Power Amplifiers With Dynamic Power Transmission","Yan Guo; Chao Yu; Anding Zhu","2015","IEEE Transactions on Microwave Theory and Techniques","https://doi.org/10.1109/TMTT.2015.2480739","no","not reported","power-adaptive DPD","physical PA","not reported","not reported","not reported","dynamic-power waveform","physical power-changing setup","adaptive coefficients","power-state feedback","not reported","not reported","not reported","not reported","not reported","not reported","not reported","physical measurement","yes","different PA and no common cost","operating-point adaptation prior","no","physical-DPD","not reported","not reported","not reported"
"D067","Digital Predistortion of Millimeter-Wave Hybrid Beamforming Transmitters Using Observation Receivers With Low-Bit Resolution Analog-to-Digital Converter","Ahmed Ben Ayed; Eric Ng; Patrick Mitran; Slim Boumaiza","2021","IEEE Access","https://doi.org/10.1109/ACCESS.2021.3096978","yes","not reported","low-bit observation receiver; hybrid array DPD","four 64-element mmWave subarrays","28","up to 800","not reported","OFDM","physical hybrid-beamforming setup","DPD extraction with analog anti-beamforming observation","low-bit feedback ADC","not reported","5.8% to about 1.6% with 4-bit observation","about 10 dB ACPR improvement with 4-bit observation","not reported","model-dependent","deployed DPD plus observation; exact fast-path count not reported","4-bit versus 16-bit observation ADC","physical array measurement","yes","specialized observation architecture","supports slow/low-resolution controller path","no","physical-DPD","not reported","not reported","paper-specific; see aclr_acpr cell; do not numerically merge across rows"
"D068","Fixed Point Considerations for Digital Predistortion of an RF Power Amplifier Using Recursive Least Square Estimation","R. Neil Braithwaite","2019","IEEE PAWR 2019","https://doi.org/10.1109/PAWR.2019.8708729","no","not reported","fixed-point RLS DPD","RF PA experiment; full classification paper-specific","not reported","not reported","not reported","modulated waveform","authors' setup","RLS","adaptive feedback","not reported","not reported","not reported","not reported","coefficient count not consolidated","RLS covariance O(C^2) calibration","fixed-point formats studied; details in paper","hardware/fixed-point study","experiment reported","short conference; no common target timing","fixed-point adaptive-calibration reference","no","uncertain","not reported","not reported","not reported"
"D069","Local and Remote Digital Pre-Distortion for 5G Power Amplifiers with Safe Deep Reinforcement Learning","Christian Spano; Damiano Badini; Lorenzo Cazzella; Matteo Matteucci","2025","Sensors","https://doi.org/10.3390/s25196102","yes","not reported","safe DDPG coefficient adaptation; recovery","1 W broadband GaAs PA 27-32 GHz","about 28","400","not reported","5G NR OFDM; PAPR about 10 dB","Huawei Milan Research Center hardware test","CRE-DDPG; 2000 episodes","ACLR safety threshold; reverse stored actions for recovery","not reported","not reported","improvement begins around 850 updates; 25 runs safe/improved by no later than 950; exact final universal ACLR not reused","about 10 dB","controller about 530k parameters; deployed MP coefficient action","controller slow-path cost high; deployed MP path separate","not reported","Huawei hardware test; TDD/dummy path proposed for exploration","yes","memory effects/GMP/temperature future work; hundreds of physical updates","mandatory safe-update comparator","no","physical-DPD","not reported","not reported","physical safe-adaptation trajectory; no universal final ACLR reused"
"D070","Augmented Iterative Learning Control for Neural-Network-Based Joint Crest Factor Reduction and Digital Predistortion of Power Amplifiers","Siqi Wang; Morgan Roger; Julien Sarrazin; Caroline Lelandais-Perrault","2020","IEEE Transactions on Microwave Theory and Techniques","https://doi.org/10.1109/TMTT.2020.3011152","no","not reported","augmented ILC; joint CFR/DPD neural fit","physical PA","not reported","not reported","not reported","high-PAPR waveform","physical setup","ILC teacher plus neural fit","repeated feedback","not reported","not reported","not reported","CFR objective included","teacher plus student","calibration heavy; student-dependent","not reported","physical measurement","yes","repeatable waveform and joint objective complicate comparison","teacher-student and peak-control prior","no","physical-DPD","not reported","not reported","not reported"
"X071","HyperNetworks","David Ha; Andrew Dai; Quoc V. Le","2016","arXiv preprint","https://arxiv.org/abs/1609.09106","no","not applicable","hypernetwork","not applicable","not applicable","not applicable","not applicable","sequence/image ML","general ML benchmarks","gradient training","weight generation","not applicable","not applicable","not applicable","not applicable","model-dependent","generator plus target network","floating point in source","general ML only","no","no DPD/physical PA evidence","slow coefficient generator concept only","no","general-method","not reported","not applicable","not reported"
"X072","Outrageously Large Neural Networks: The Sparsely-Gated Mixture-of-Experts Layer","Noam Shazeer; Azalia Mirhoseini; Krzysztof Maziarz; Andy Davis; Quoc Le; Geoffrey Hinton; Jeff Dean","2017","arXiv preprint","https://arxiv.org/abs/1701.06538","no","not applicable","sparse mixture of experts","not applicable","not applicable","not applicable","not applicable","language/model benchmarks","general ML","gradient top-K routing","conditional computation","not applicable","not applicable","not applicable","not applicable","very large stored experts","router plus selected experts","floating point source","general ML","no","not RF; expert bandwidth/routing radically different","mechanism only; DPD MoE already has direct priors","no","general-method","not reported","not applicable","not reported"
"X073","LoRA: Low-Rank Adaptation of Large Language Models","Edward J. Hu; Yelong Shen; Phillip Wallis; Zeyuan Allen-Zhu; Yuanzhi Li; Shean Wang; Lu Wang; Weizhu Chen","2021","arXiv/ICLR","https://arxiv.org/abs/2106.09685","no","not applicable","low-rank adaptation","not applicable","not applicable","not applicable","not applicable","language models","general ML","low-rank update training","offline/task adaptation","not applicable","not applicable","not applicable","not applicable","rank-dependent","two low-rank projections in addition to frozen matrix","floating point source","general ML","no","for tens of DPD coefficients LoRA may cost more than direct update","only empirical low-rank coefficient subspace is relevant","no","general-method","not reported","not applicable","not reported"
"X074","Distilling the Knowledge in a Neural Network","Geoffrey Hinton; Oriol Vinyals; Jeff Dean","2015","arXiv preprint","https://arxiv.org/abs/1503.02531","no","not applicable","knowledge distillation","not applicable","not applicable","not applicable","not applicable","classification benchmarks","general ML","teacher-student training","offline teacher","not applicable","not applicable","not applicable","not applicable","teacher/student-dependent","student cost only at inference","not applicable","general ML","no","no RF evidence; DPD-specific distillation rows provide direct evidence","calibration mechanism","no","general-method","not reported","not applicable","not reported"
"X075","Efficiently Modeling Long Sequences with Structured State Spaces","Albert Gu; Karan Goel; Christopher Ré","2021","arXiv/ICLR","https://arxiv.org/abs/2111.00396","no","not applicable","S4 structured state space","not applicable","not applicable","not applicable","not applicable","sequence benchmarks","general ML","gradient training","recurrent/convolutional duality","not applicable","not applicable","not applicable","not applicable","state dimension dependent","full S4 kernel/recurrent cost model-specific","floating point source","general ML","no","not DPD and full architecture too heavy","motivates small stable diagonal state ablation","no","general-method","not reported","not applicable","not reported"
"X076","Mamba: Linear-Time Sequence Modeling with Selective State Spaces","Albert Gu; Tri Dao","2023","arXiv preprint","https://arxiv.org/abs/2312.00752","no","not applicable","selective state space","not applicable","not applicable","not applicable","not applicable","language/sequence benchmarks","general ML","gradient training","input-dependent state parameters","not applicable","not applicable","not applicable","not applicable","model-dependent","projections/gates/selective scan; not a cheap scalar recurrence","floating point source","general GPU kernels","no","no direct RF proof; APN-Mamba DPD is separate prior","full Mamba not first fast-path candidate","no","general-method","not reported","not applicable","not reported"
"X077","Overcoming Catastrophic Forgetting in Neural Networks","James Kirkpatrick; Razvan Pascanu; Neil Rabinowitz; Joel Veness; Guillaume Desjardins; Andrei A. Rusu; Kieran Milan; John Quan; Tiago Ramalho; Agnieszka Grabska-Barwinska; Demis Hassabis; Claudia Clopath; Dharshan Kumaran; Raia Hadsell","2017","PNAS","https://doi.org/10.1073/pnas.1611835114","no","not applicable","elastic weight consolidation; continual learning","not applicable","not applicable","not applicable","not applicable","general ML tasks","general ML","regularized sequential training","task sequence","not applicable","not applicable","not applicable","not applicable","model plus Fisher/importance storage","training overhead; inference unchanged","not applicable","general ML","no","not DPD; direct continual-DPD work is stronger","retention mechanism only","no","general-method","not reported","not applicable","not reported"
"X078","Deep Learning for Universal Linear Embeddings of Nonlinear Dynamics","Bethany Lusch; J. Nathan Kutz; Steven L. Brunton","2018","Nature Communications","https://doi.org/10.1038/s41467-018-07210-0","no","not applicable","deep Koopman representation","not applicable","not applicable","not applicable","not applicable","nonlinear dynamical systems","general dynamics benchmarks","encoder/linear dynamics/decoder training","offline","not applicable","not applicable","not applicable","not applicable","network/state-dependent","encoder and decoder dominate simple state","floating point source","general ML","no","no RF; arbitrary encoder impractical","motivates structured observables only","no","general-method","not reported","not applicable","not reported"
"M079","Regression Shrinkage and Selection via the Lasso","Robert Tibshirani","1996","Journal of the Royal Statistical Society Series B","https://doi.org/10.1111/j.2517-6161.1996.tb02080.x","no","not applicable","LASSO","not applicable","not applicable","not applicable","not applicable","regression","statistical benchmarks","L1-regularized regression","offline selection","not applicable","not applicable","not applicable","not applicable","selected predictors","calibration solver dependent; deployed selected terms","not applicable","none","no","general method; correlated groups can be unstable","sparse-selection baseline","no","general-method","not reported","not applicable","not reported"
"M080","Model Selection and Estimation in Regression with Grouped Variables","Ming Yuan; Yi Lin","2006","Journal of the Royal Statistical Society Series B","https://doi.org/10.1111/j.1467-9868.2005.00532.x","no","not applicable","group LASSO","not applicable","not applicable","not applicable","not applicable","regression","statistical benchmarks","group-regularized regression","offline selection","not applicable","not applicable","not applicable","not applicable","selected groups","calibration solver dependent; deployed selected groups","not applicable","none","no","group scaling and collinearity require care","spline-branch group selection baseline","no","general-method","not reported","not applicable","not reported"
"M081","A New Approach to Linear Filtering and Prediction Problems","R. E. Kalman","1960","Journal of Basic Engineering","https://doi.org/10.1115/1.3662552","no","not applicable","Kalman filter","not applicable","not applicable","not applicable","not applicable","linear dynamical systems","theory","recursive state estimation","online observations","not applicable","not applicable","not applicable","not applicable","state/covariance-dependent","O(C^2) or greater update for dense covariance","not applicable","none","no","general theory; does not imply EKF/UKF benefit for DPD","coefficient/state tracking baseline","no","general-method","not reported","not applicable","not reported"
"M082","Continuous Inspection Schemes","E. S. Page","1954","Biometrika","https://doi.org/10.1093/biomet/41.1-2.100","no","not applicable","CUSUM change detection","not applicable","not applicable","not applicable","not applicable","sequential observations","theory","sequential change detection","online statistic","not applicable","not applicable","not applicable","not applicable","constant state","few arithmetic operations per monitored frame","not applicable","none","no","threshold/false-alarm calibration is domain-specific","frame-level drift detector baseline","no","general-method","not reported","not applicable","not reported"
"D083","A Spectrum-Sensing DPD Feedback Receiver With 30x Reduction in ADC Acquisition Bandwidth and Sample Rate","Nikolaus Hammler; Andreia Cathelin; Philippe Cathelin; Boris Murmann","2019","IEEE Transactions on Circuits and Systems I: Regular Papers","https://doi.org/10.1109/TCSI.2019.2920828","no","not reported","frequency-domain spectrum-sensing DPD feedback receiver","feedback receiver prototype; PA details not extracted","not reported","not reported","not reported","not reported","hardware feedback-receiver experiment","frequency-domain observation for DPD calibration","reduced-bandwidth observation feedback","not reported","not reported","not reported","not reported","not applicable to deployed DPD","observation-path cost; not deployed DPD inference","not reported","feedback-receiver hardware prototype","feedback hardware evidence; PA linearization details not extracted","receiver paper does not establish the deployed DPD Pareto result","supports asynchronous/reduced-bandwidth residual observer","no","hardware-real","not reported","not reported","not reported"
"D084","A Digital Predistortion Model Based on Augmented Phase-Normalized Mamba Network","Zhengying Yang; Shuman Kong; Tianfu Cai; Sijie Zhang; Yi Jin; Mingyu Li","2026","Engineering Science and Technology, an International Journal","https://doi.org/10.1016/j.jestch.2026.102408","no","not reported","APN-Mamba; phase normalization; amplitude-enhanced FIR","Class-F PA; two Doherty PA setups","not reported","40; 100; 160","not reported","not reported","three reported experimental PA setups","gradient training","offline DPD training; adaptation not reported","exact values not extracted","exact values not extracted","exact values not extracted","not reported","not reported","complete real-operation/state count not reported","not reported","no FPGA/ASIC evidence reported","paper reports experimental PA setups","very recent; streaming boundaries, fixed-point and hardware throughput not established for this project","high-risk comparator to compact diagonal-state and APNRRU baselines","no","physical-DPD","not reported","paper-specific; see evidence and dataset fields","paper-specific; see aclr_acpr cell; do not numerically merge across rows"
"D085","Low-Complexity Adaptive DPD: From Online Optimization to Meta-Learning","Alexis Falempin; Jean-Baptiste Dore; Rafik Zayani; Emilio Calvanese Strinati","2022","IEEE Transactions on Broadcasting","https://doi.org/10.1109/TBC.2022.3204229","no","not reported","meta-learned DPD initialization; DPD NN weights selector","time-varying PA models in numerical simulation","not applicable","not reported","not reported","complex IQ symbols","numerical PA-model scenarios","offline meta-training; few-shot online adaptation","online adaptation on 3000 IQ symbols reported","not reported","reported but exact values not extracted","reported but exact values not extracted","not reported","small dedicated NN; exact count not extracted","online calibration reduced; full deployed cost not extracted","not reported","none reported","no; numerical simulations","simulation and comparison to warm-start/bank/ridge remain limiting","slow-path adaptation comparator","no","simulation","not reported","not reported","paper-specific; see aclr_acpr cell; do not numerically merge across rows"
"D086","Low-Complexity Adaptive Digital Pre-Distortion with Meta-Learning Based Neural Networks","Alexis Falempin; Rafik Zayani; Jean-Baptiste Dore; Emilio Calvanese Strinati","2022","IEEE Consumer Communications & Networking Conference","https://doi.org/10.1109/CCNC49033.2022.9700529","no","https://cea.hal.science/cea-03837858","meta-learning based NN DPD","time-varying HPA models","not applicable","not reported","not reported","complex IQ symbols","numerical simulation","offline meta-training; few-shot adaptation","online coefficient adaptation","not reported","not reported","not reported","not reported","small feed-forward NN; exact count not extracted","not reported","not reported","none reported","no; numerical simulation","conference precursor; no physical PA or target hardware evidence","meta-learning prior; compare to direct warm-start and ridge","no","simulation","not reported","not reported","not reported"
"D087","Growing NAS for Complex-Valued CNNs in Digital Predistortion Power Amplifier Applications","Jiang Xiao; Yi Zhong; Yun Li","2024","International Joint Conference on Neural Networks","https://doi.org/10.1109/IJCNN60899.2024.10651335","no","not reported","hardware-aware/growing NAS; complex-valued CNN DPD","not reported","not reported","not reported","not reported","not reported","paper experiment; physical-evidence details not extracted","neural architecture search","offline","not reported","not reported","not reported","not reported","searched architecture dependent","target cost model and complete deployed count not extracted","not reported","hardware implementation not established from verified metadata","not established","full-text experimental evidence and causal look-ahead require verification","later hardware-aware search reference only","no","uncertain","not reported","not reported","not reported"
"X088","Model-Agnostic Meta-Learning for Fast Adaptation of Deep Networks","Chelsea Finn; Pieter Abbeel; Sergey Levine","2017","International Conference on Machine Learning","https://proceedings.mlr.press/v70/finn17a.html","no","https://github.com/cbfinn/maml","meta-learning initialization","not applicable","not applicable","not applicable","not applicable","few-shot ML tasks","general ML benchmarks","gradient-based meta-learning","few-gradient-step adaptation","not applicable","not applicable","not applicable","not applicable","model-dependent","meta-training and adaptation cost model-dependent","floating point source","general ML","no","not a DPD method and provides no RF safety mechanism","mechanism source; must beat warm-start/bank/ridge","no","general-method","not reported","not applicable","not reported"
"X089","Neural Ordinary Differential Equations","Ricky T. Q. Chen; Yulia Rubanova; Jesse Bettencourt; David Duvenaud","2018","Advances in Neural Information Processing Systems","https://arxiv.org/abs/1806.07366","no","https://github.com/rtqichen/torchdiffeq","neural ODE","not applicable","not applicable","not applicable","not applicable","general continuous-depth ML benchmarks","general ML","adjoint/gradient training with numerical ODE solver","continuous hidden dynamics","not applicable","not applicable","not applicable","not applicable","model-dependent","adaptive-solver work and latency are input/tolerance dependent","floating point source","general ML","no","variable-latency solver is unsuitable for the deployed sample path","offline analogy only; discrete one-pole state is preferred","no","general-method","not reported","not applicable","not reported"
